{
  "project_info": {
    "project_number": "737985754726",
    "project_id": "myte-e15b1",
    "storage_bucket": "myte-e15b1.firebasestorage.app"
  },
  "client": [
    {
      "client_info": {
        "mobilesdk_app_id": "1:737985754726:android:642ecc46dda2d3e141dfa7",
        "android_client_info": {
          "package_name": "com.myte.app"
        }
      },
      "oauth_client": [],
      "api_key": [
        {
          "current_key": "AIzaSyA5JtAHIpSTNkKyk6EyAD-YCvxQSXJ02CU"
        }
      ],
      "services": {
        "appinvite_service": {
          "other_platform_oauth_client": []
        }
      }
    }
  ],
  "configuration_version": "1"
}